{
  "format_versin": "v0.1.0",
  "groups": [
    {
      "pos": [0.0, 0.0],
      "alu": {
        "outline": [
          [-114.18001, 17.54],
          [-114.18001, 3.409996],
          [-114.18001, 3.409996],
          [-125.93751, 3.409996],
          [-137.695, 3.409996],
          [-149.45251, 3.409996],
          [-161.21, 3.409996],
          [-161.21, 3.409996],
          [-161.21, 14.622856],
          [-161.21, 25.835709],
          [-161.21, 37.04857],
          [-161.21, 48.261425],
          [-161.21, 59.47428],
          [-161.21, 70.68714],
          [-161.21, 81.899994],
          [-161.21, 81.899994],
          [-149.38, 81.899994],
          [-137.55, 81.899994],
          [-137.55, 81.899994],
          [-137.55, 71.17333],
          [-137.55, 60.446667],
          [-137.55, 49.72],
          [-137.55, 38.993336],
          [-137.55, 28.26667],
          [-137.55, 17.54],
          [-137.55, 17.54],
          [-125.865005, 17.54],
          [-114.18001, 17.54],
          [-114.18001, 17.54]
        ],
        "holes": [
        ]
      },
      "bulbs":[]
    },
    {
      "pos": [0.0, 0.0],
      "alu": {
        "outline": [
          [-69.25001, 81.899994],
          [-89.060005, 81.899994],
          [-89.060005, 81.899994],
          [-91.73625, 72.088745],
          [-94.412506, 62.277496],
          [-97.08875, 52.466248],
          [-99.76501, 42.655],
          [-102.44125, 32.84375],
          [-105.11751, 23.032497],
          [-107.793755, 13.221245],
          [-110.47, 3.409996],
          [-110.47, 3.409996],
          [-99.87, 3.409996],
          [-99.87, 3.409996],
          [-96.68, 15.239998],
          [-96.68, 15.239998],
          [-86.375, 15.239998],
          [-76.07, 15.239998],
          [-76.07, 15.239998],
          [-72.8, 3.409996],
          [-72.8, 3.409996],
          [-60.245003, 3.409996],
          [-47.690002, 3.409996],
          [-47.690002, 3.409996],
          [-50.385002, 13.221245],
          [-53.08, 23.032494],
          [-55.775, 32.843746],
          [-58.47, 42.654995],
          [-61.16501, 52.466244],
          [-63.86001, 62.277496],
          [-66.55501, 72.088745],
          [-69.25001, 81.899994],
          [-69.25001, 81.899994]
        ],
        "holes": [
          [
            [-93.130005, 28.21],
            [-89.755005, 40.559998],
            [-86.380005, 52.91],
            [-86.380005, 52.91],
            [-83.005005, 40.559998],
            [-79.630005, 28.21],
            [-79.630005, 28.21],
            [-93.130005, 28.21],
            [-93.130005, 28.21]
          ]
        ]
      },
      "bulbs":[]
    },
    {
      "pos": [0.0, 0.0],
      "alu": {
        "outline": [
          [-19.460007, 3.409996],
          [-30.310013, 3.409996],
          [-41.160004, 3.409996],
          [-41.160004, 3.409996],
          [-41.160004, 14.223328],
          [-41.160004, 25.036667],
          [-41.160004, 35.85],
          [-41.160004, 46.663334],
          [-41.160004, 57.47667],
          [-41.160004, 68.28999],
          [-41.160004, 68.28999],
          [-30.310013, 76.924995],
          [-19.460007, 85.56],
          [-19.460007, 85.56],
          [-19.460007, 75.291245],
          [-19.460007, 65.0225],
          [-19.460007, 54.753746],
          [-19.460007, 44.484997],
          [-19.460007, 34.216248],
          [-19.460007, 23.947495],
          [-19.460007, 13.678749],
          [-19.460007, 3.409996],
          [-19.460007, 3.409996]
        ],
        "holes": [
        ]
      },
      "bulbs":[]
    },
    {
      "pos": [0.0, 0.0],
      "alu": {
        "outline": [
          [32.289993, 71.33],
          [22.89, 77.715],
          [13.48999, 84.1],
          [13.48999, 84.1],
          [4.0549927, 77.77],
          [-5.380005, 71.44],
          [-5.380005, 71.44],
          [-8.900009, 57.049995],
          [-12.419998, 42.659996],
          [-12.419998, 42.659996],
          [-8.900009, 28.269997],
          [-5.380005, 13.879997],
          [-5.380005, 13.879997],
          [4.0549927, 7.494995],
          [13.48999, 1.1100006],
          [13.48999, 1.1100006],
          [22.89, 7.4950027],
          [32.289993, 13.880005],
          [32.289993, 13.880005],
          [35.844986, 28.270004],
          [39.399994, 42.660004],
          [39.399994, 42.660004],
          [35.844986, 56.995003],
          [32.289993, 71.33],
          [32.289993, 71.33]
        ],
        "holes": [
          [
            [24.809998, 24.029999],
            [12.979996, 15.129997],
            [12.979996, 15.129997],
            [12.979996, 26.117996],
            [12.979996, 37.106],
            [12.979996, 48.094],
            [12.979996, 59.082],
            [12.979996, 70.07],
            [12.979996, 70.07],
            [24.809998, 61.28],
            [24.809998, 61.28],
            [29.23999, 42.65],
            [29.23999, 42.65],
            [24.809998, 24.020004],
            [24.809998, 24.020004]
          ]
        ]
      },
      "bulbs":[]
    },
    {
      "pos": [0.0, 0.0],
      "alu": {
        "outline": [
          [88.82999, 71.33],
          [79.42998, 77.715],
          [70.02998, 84.1],
          [70.02998, 84.1],
          [60.594986, 77.77],
          [51.15999, 71.44],
          [51.15999, 71.44],
          [47.64, 57.049995],
          [44.119995, 42.659996],
          [44.119995, 42.659996],
          [47.64, 28.269997],
          [51.15999, 13.879997],
          [51.15999, 13.879997],
          [60.594986, 7.494995],
          [70.02998, 1.1100006],
          [70.02998, 1.1100006],
          [79.42998, 7.4950027],
          [88.82999, 13.880005],
          [88.82999, 13.880005],
          [92.384995, 28.270004],
          [95.93999, 42.660004],
          [95.93999, 42.660004],
          [92.384995, 56.995003],
          [88.82999, 71.33],
          [88.82999, 71.33]
        ],
        "holes": [
          [
            [81.34999, 24.029999],
            [69.51999, 15.129997],
            [69.51999, 15.129997],
            [69.51999, 26.117996],
            [69.51999, 37.106],
            [69.51999, 48.094],
            [69.51999, 59.082],
            [69.51999, 70.07],
            [69.51999, 70.07],
            [81.34999, 61.28],
            [81.34999, 61.28],
            [85.77998, 42.65],
            [85.77998, 42.65],
            [81.34999, 24.020004],
            [81.34999, 24.020004]
          ]
        ]
      },
      "bulbs":[]
    },
    {
      "pos": [0.0, 0.0],
      "alu": {
        "outline": [
          [161.21, 1.1100006],
          [148.27, -0.0],
          [148.27, -0.0],
          [142.63335, 11.33667],
          [136.99666, 22.673332],
          [131.36, 34.01],
          [131.36, 34.01],
          [125.770004, 22.919998],
          [125.770004, 22.919998],
          [125.770004, 12.664993],
          [125.770004, 2.409996],
          [125.770004, 2.409996],
          [113.94002, 2.409996],
          [102.11, 2.409996],
          [102.11, 2.409996],
          [102.11, 13.622856],
          [102.11, 24.835712],
          [102.11, 36.04857],
          [102.11, 47.26143],
          [102.11, 58.47429],
          [102.11, 69.68714],
          [102.11, 80.899994],
          [102.11, 80.899994],
          [113.94002, 80.899994],
          [125.770004, 80.899994],
          [125.770004, 80.899994],
          [125.770004, 69.7],
          [125.770004, 58.5],
          [125.770004, 47.3],
          [125.770004, 47.3],
          [131.7, 58.5],
          [137.62999, 69.7],
          [143.55998, 80.899994],
          [143.55998, 80.899994],
          [155.74998, 80.899994],
          [155.74998, 80.899994],
          [149.86998, 69.666664],
          [143.99, 58.43333],
          [138.11, 47.199997],
          [138.11, 47.199997],
          [142.73, 37.982],
          [147.34999, 28.764],
          [151.97002, 19.545998],
          [156.59001, 10.328003],
          [161.21, 1.1100006],
          [161.21, 1.1100006]
        ],